[
  {
    "id": "p1",
    "title": "Tomate Italiano",
    "category": "Hortifruti",
    "unit": "kg",
    "price": 6.2,
    "stock": 40,
    "location": "Limeira/SP",
    "isUgly": true,
    "isDonation": false,
    "photos": ["/images/tomate.jpg"],
    "producer": {
      "id": "prod1",
      "name": "Sítio Boa Terra",
      "location": "Limeira/SP",
      "contactUrl": "https://wa.me/5599999999999"
    },
    "createdAt": "2025-10-01T12:00:00Z"
  },
  {
    "id": "p2",
    "title": "Abóbora Cabotiá (fora do padrão)",
    "category": "Hortifruti",
    "unit": null,
    "price": null,
    "stock": null,
    "location": "Campinas/SP",
    "isUgly": true,
    "isDonation": true,
    "photos": ["/images/abobora.jpg"],
    "producer": {
      "id": "prod2",
      "name": "Chácara Santa Luzia",
      "location": "Campinas/SP",
      "contactUrl": "https://wa.me/5588888888888"
    },
    "createdAt": "2025-10-02T09:30:00Z"
  },
  {
    "id": "p3",
    "title": "Alface Crespa",
    "category": "Hortifruti",
    "unit": "maço",
    "price": 3.5,
    "stock": 80,
    "location": "Piracicaba/SP",
    "isUgly": false,
    "isDonation": false,
    "photos": ["/images/alface.jpg"],
    "producer": {
      "id": "prod3",
      "name": "Fazenda Verde Vida",
      "location": "Piracicaba/SP",
      "contactUrl": "https://wa.me/5577777777777"
    },
    "createdAt": "2025-10-03T10:00:00Z"
  }
]
